,precision,recall,f1-score,support
0,0.7727272727272727,0.7345679012345679,0.7531645569620253,162.0
1,0.9224137931034483,0.8879668049792531,0.904862579281184,241.0
2,0.743801652892562,0.7407407407407407,0.7422680412371134,243.0
3,0.550561797752809,0.6049382716049383,0.5764705882352941,162.0
4,0.9696969696969697,0.9876543209876543,0.9785932721712538,162.0
5,0.9070796460176991,0.8506224066390041,0.8779443254817987,241.0
6,0.8597560975609756,0.8493975903614458,0.8545454545454545,166.0
7,0.9401197604790419,0.9751552795031055,0.9573170731707317,161.0
8,0.9248554913294798,0.9696969696969697,0.9467455621301775,165.0
9,0.9545454545454546,0.9625,0.9585062240663901,240.0
10,0.8598726114649682,0.8333333333333334,0.8463949843260188,162.0
11,0.9588477366255144,0.9628099173553719,0.9608247422680413,242.0
12,0.7142857142857143,0.7975460122699386,0.7536231884057971,163.0
13,1.0,0.995850622406639,0.997920997920998,241.0
14,0.9078947368421053,0.8363636363636363,0.8706624605678234,165.0
15,0.9916317991631799,0.9793388429752066,0.9854469854469855,242.0
16,0.95,0.926829268292683,0.9382716049382716,164.0
17,0.7982832618025751,0.7717842323651453,0.7848101265822784,241.0
18,0.9617834394904459,0.937888198757764,0.949685534591195,161.0
19,0.9426751592356688,0.896969696969697,0.9192546583850931,165.0
20,0.5850340136054422,0.5308641975308642,0.5566343042071198,162.0
21,0.8301886792452831,0.8098159509202454,0.8198757763975155,163.0
22,0.895397489539749,0.8806584362139918,0.8879668049792531,243.0
23,1.0,0.9915966386554622,0.9957805907172996,238.0
24,0.9573170731707317,0.9515151515151515,0.9544072948328267,165.0
25,0.9274193548387096,0.9465020576131687,0.9368635437881874,243.0
26,0.8098159509202454,0.8,0.8048780487804879,165.0
27,0.925,0.9079754601226994,0.9164086687306502,163.0
28,0.8682634730538922,0.9006211180124224,0.8841463414634146,161.0
29,0.7635658914728682,0.8073770491803278,0.7848605577689243,244.0
30,0.6172839506172839,0.6172839506172839,0.6172839506172839,162.0
31,0.9914163090128756,0.9746835443037974,0.9829787234042553,237.0
32,0.7926829268292683,0.7831325301204819,0.7878787878787878,166.0
33,0.9759036144578314,0.9818181818181818,0.9788519637462235,165.0
34,0.9817073170731707,0.9938271604938271,0.9877300613496932,162.0
35,0.871244635193133,0.8353909465020576,0.8529411764705882,243.0
36,0.975609756097561,0.9876543209876543,0.9815950920245399,162.0
37,0.96875,0.9451219512195121,0.9567901234567902,164.0
38,0.7813765182186235,0.8008298755186722,0.7909836065573771,241.0
39,0.9236947791164659,0.9465020576131687,0.9349593495934959,243.0
40,0.9875776397515528,0.9814814814814815,0.9845201238390093,162.0
41,0.8050847457627118,0.7851239669421488,0.7949790794979079,242.0
42,0.6312849162011173,0.6975308641975309,0.6627565982404692,162.0
43,0.9512195121951219,0.9629629629629629,0.9570552147239264,243.0
44,0.9673469387755103,0.9793388429752066,0.973305954825462,242.0
45,0.9634146341463414,0.9875,0.9753086419753086,160.0
46,0.9685534591194969,0.9506172839506173,0.9595015576323987,162.0
47,0.9345238095238095,0.9631901840490797,0.9486404833836858,163.0
48,0.9064327485380117,0.9451219512195121,0.9253731343283582,164.0
49,0.735632183908046,0.7710843373493976,0.7529411764705882,166.0
50,0.9382716049382716,0.9325153374233128,0.9353846153846154,163.0
51,0.9685534591194969,0.9447852760736196,0.9565217391304348,163.0
52,0.9743589743589743,0.9440993788819876,0.9589905362776026,161.0
53,1.0,0.9958847736625515,0.9979381443298969,243.0
54,0.8509316770186336,0.8253012048192772,0.8379204892966361,166.0
55,0.8294117647058824,0.8650306748466258,0.8468468468468469,163.0
56,0.8452380952380952,0.8819875776397516,0.8632218844984803,161.0
57,0.6307053941908713,0.628099173553719,0.629399585921325,242.0
58,0.952,0.9834710743801653,0.967479674796748,242.0
59,0.9873949579831933,0.975103734439834,0.9812108559498957,241.0
60,0.9936708860759493,0.9751552795031055,0.9843260188087775,161.0
61,0.967479674796748,0.9834710743801653,0.9754098360655737,242.0
62,0.9691358024691358,0.9631901840490797,0.9661538461538461,163.0
63,0.7625,0.756198347107438,0.7593360995850622,242.0
64,0.9700598802395209,0.9818181818181818,0.9759036144578314,165.0
65,0.6265060240963856,0.6473029045643154,0.636734693877551,241.0
66,0.8947368421052632,0.9057377049180327,0.90020366598778,244.0
67,0.99581589958159,0.99581589958159,0.99581589958159,239.0
68,0.9872611464968153,0.9567901234567902,0.9717868338557993,162.0
69,0.8816568047337278,0.9254658385093167,0.9030303030303031,161.0
70,0.94375,0.937888198757764,0.940809968847352,161.0
71,0.9559748427672956,0.9382716049382716,0.9470404984423676,162.0
72,0.8765432098765432,0.8819875776397516,0.8792569659442725,161.0
73,0.9346938775510204,0.9423868312757202,0.9385245901639344,243.0
74,0.48427672955974843,0.4723926380368098,0.4782608695652174,163.0
75,0.8008658008658008,0.7644628099173554,0.7822410147991543,242.0
76,0.9333333333333333,0.9390243902439024,0.9361702127659575,164.0
77,0.75,0.7272727272727273,0.7384615384615385,165.0
78,1.0,0.9940119760479041,0.996996996996997,167.0
79,0.9182389937106918,0.9012345679012346,0.9096573208722741,162.0
80,0.6900584795321637,0.7283950617283951,0.7087087087087087,162.0
81,0.9226190476190477,0.950920245398773,0.9365558912386707,163.0
82,0.9461077844311377,0.9634146341463414,0.9546827794561934,164.0
83,0.926829268292683,0.9212121212121213,0.9240121580547113,165.0
84,0.9333333333333333,0.9506172839506173,0.9418960244648318,162.0
85,0.9748427672955975,0.950920245398773,0.9627329192546584,163.0
86,0.4129032258064516,0.39751552795031053,0.4050632911392405,161.0
87,0.42696629213483145,0.4720496894409938,0.44837758112094395,161.0
88,0.7165991902834008,0.7344398340248963,0.7254098360655737,241.0
89,0.7552742616033755,0.7366255144032922,0.7458333333333333,243.0
90,0.8333333333333334,0.8264462809917356,0.8298755186721992,242.0
91,0.9306122448979591,0.9421487603305785,0.9363449691991786,242.0
92,0.9409282700421941,0.9214876033057852,0.9311064718162839,242.0
93,0.9877300613496932,0.9698795180722891,0.9787234042553191,166.0
94,0.7222222222222222,0.6459627329192547,0.6819672131147541,161.0
95,0.723404255319149,0.8292682926829268,0.7727272727272727,164.0
96,0.8636363636363636,0.9325153374233128,0.8967551622418879,163.0
97,0.8685446009389671,0.7613168724279835,0.8114035087719298,243.0
98,0.9454545454545454,0.9512195121951219,0.9483282674772037,164.0
99,0.9083333333333333,0.8934426229508197,0.9008264462809917,244.0
accuracy,0.8708502445623895,0.8708502445623895,0.8708502445623895,0.8708502445623895
macro avg,0.869766732720735,0.8696503125751862,0.8693787561048532,19218.0
weighted avg,0.8717982208072893,0.8708502445623895,0.8710108982889196,19218.0
